Index,Type,Body,X,Y,Z,Yaw,Pitch,Roll,Comment
0,Comment,None,0,0,0,0,0,0,bodies_min=1;bodies_max=1;x_offset=0;y_offset=0.0;z_offset=0.0;x_min=0;x_max=0;y_min=0;y_max=0;yaw_min=0;yaw_max=0
1,Group,None,0.0,0.0,145.0,0.0,0.0,0.0,sequence_name=seq_000000;frames=122;camera_hfov=40.0
2,Body,female_36_us_1930_0013,0.0,0.0,0.0,0.0,0.0,0.0,start_frame=1;texture_body=skin_f_white_03_ALB
3,Group,None,0.0,0.0,145.0,0.0,0.0,0.0,sequence_name=seq_000001;frames=148;camera_hfov=40.0
4,Body,rp_aneko_posed_015_1075,0.0,0.0,0.0,0.0,0.0,0.0,start_frame=1;texture_body=skin_f_indian_02_ALB;texture_clothing=texture_06
5,Group,None,0.0,0.0,145.0,0.0,0.0,0.0,sequence_name=seq_000002;frames=237;camera_hfov=40.0
6,Body,rp_eric_posed_006_1097,0.0,0.0,0.0,0.0,0.0,0.0,start_frame=1;texture_body=skin_m_seasian_05_ALB;texture_clothing=texture_05
7,Group,None,0.0,0.0,145.0,0.0,0.0,0.0,sequence_name=seq_000003;frames=160;camera_hfov=40.0
8,Body,rp_ashley_posed_002_1000,0.0,0.0,0.0,0.0,0.0,0.0,start_frame=1;texture_body=skin_f_mideast_02_ALB;texture_clothing=texture_07
9,Group,None,0.0,0.0,145.0,0.0,0.0,0.0,sequence_name=seq_000004;frames=129;camera_hfov=40.0
10,Body,rp_beatrice_posed_038_1037,0.0,0.0,0.0,0.0,0.0,0.0,start_frame=1;texture_body=skin_f_african_01_ALB;texture_clothing=texture_04
11,Group,None,0.0,0.0,145.0,0.0,0.0,0.0,sequence_name=seq_000005;frames=237;camera_hfov=40.0
12,Body,male_26_us_2312_0005,0.0,0.0,0.0,0.0,0.0,0.0,start_frame=1;texture_body=skin_m_indian_10_ALB
13,Group,None,0.0,0.0,145.0,0.0,0.0,0.0,sequence_name=seq_000006;frames=173;camera_hfov=40.0
14,Body,female_30_us_2580_0016,0.0,0.0,0.0,0.0,0.0,0.0,start_frame=1;texture_body=skin_f_african_08_ALB
15,Group,None,0.0,0.0,145.0,0.0,0.0,0.0,sequence_name=seq_000007;frames=237;camera_hfov=40.0
16,Body,female_35_it_4476_0021,0.0,0.0,0.0,0.0,0.0,0.0,start_frame=1;texture_body=skin_f_asian_05_ALB
17,Group,None,0.0,0.0,145.0,0.0,0.0,0.0,sequence_name=seq_000008;frames=138;camera_hfov=40.0
18,Body,rp_aneko_posed_024_1074,0.0,0.0,0.0,0.0,0.0,0.0,start_frame=1;texture_body=skin_f_african_02_ALB;texture_clothing=texture_04
19,Group,None,0.0,0.0,145.0,0.0,0.0,0.0,sequence_name=seq_000009;frames=237;camera_hfov=40.0
20,Body,rp_belle_posed_007_1078,0.0,0.0,0.0,0.0,0.0,0.0,start_frame=1;texture_body=skin_f_indian_01_ALB;texture_clothing=texture_11
